85e5dadc6c7436d324348f6e3d8f8e680c06b4db,2025-05-11,force set store_map=False for ScenarioOnlineEnv (#841)
ec89300b073dead395cab606ca1daca9209fbfbe,2025-04-28,Add a flag to allow center at map in BEV rendering (#838)
94db1468cc073d53cbdb1fdfc60c4ff9979337c3,2025-04-25,Fix minor bug in `get_number_summary` - Use class instead of instance for static fields (#837)
e8d94c908df46a30290a2ab32d6274b0814ae9bc,2025-04-13,Waypoint policy (#834)
4c8daad7d5ec3162a0bc74e6aee43011a2d690e7,2025-03-20,A basic traffic mode for PGTrafficManager (#827)
d578dc8507962a984c8349d7007503d732438681,2025-03-20,Use horizon 1000 for MD and SafeMD env (#825)
a7f7d0b6fcf9b7422f9a9cd5c674fb1661c06a7e,2025-03-19,Relax the version constraints on Python and dependencies.
a09bc963b067c9ce7e348586f43e7253cba55875,2025-03-09,move scipy to test dependencies + remove some usage (mirror #754) (#812)
da5032dc634055cda4e34458363df25d99e72559,2025-03-09,remove scipy in point cloud lidar (#815)
45642ce8898794843794820b4a7443d5388e13fb,2025-03-09,Fix wrong terrain in MultiGoal env (#823)
c29cc37d30158fe70d963647b6c80dc814248f60,2025-03-04,Allow  -1 num_scenarios (#821)
13befc8e6ddc5f3ffe907073007fb3ea187d87db,2025-02-22,show more content in doc tree (#819)
295a89375ff0f883c3f58f9ade8869f6ee8625d9,2025-02-20,Set the logging level for ep termination info to debug (#818)
bb0a0c64f776769340b7daff81c154c04c8aa3a7,2025-02-08,support Python 3.12 / pin panda3d==1.10.14 / pin ray>=2.24.0 (mirror #720) (#811)
420a78d8686419505fe1d0e80e526b3fdc693856,2025-02-05,Don't import `pygame` when not necessary (#796)
4824e70dfcc3bf73f16f3481a8862f35ec328fa0,2025-02-02,Fix GitHub action ffmpeg (#809)
5e2740062b01d29c337e0cb6ffa8c7304f3f4005,2025-01-31,Remove seaborn (mirror #750) (#808)
6102378b00bf4e409e4606f971d7bc87a4945e80,2025-01-29,Update the multigoal environment: 1) remove visualization to native d… (#807)
866afebcc2325b02eec5d1bfabcc3be49df2a122,2025-01-22,Detecting traffic light  (#805)
2afd69f8361a316cdffbeeb5964c0ffce4ef2c06,2025-01-19,Fix artifact (#802)
e84da02942eb35b1ae66e678cc6a9e7e3277fdd5,2025-01-19,Optimze terrain (#801)
9273c2da4223ad2e65b8ea187aad43c76d58be8a,2025-01-18,Converting depth value to point cloud (#800)
12b2bdcf3aea57b155296ea28fe5fab3d93a6ffa,2025-01-18,fix semantic camera (#799)
aadad4d6a27a52d8f971fcce22e7d402cc53cc5d,2025-01-17,New Depth Cam for all platform (#798)
5656fd2a00b24c8b36966243b09b92bc871c4a69,2025-01-09,Update README.md (#795)
a39ae243b8627f12d8030b8c3ed199aa4bc7c65d,2025-01-09,Enable MetaDrive support on macOS (#794)
3ba59c29d1756881e20b4c37276cf10230dbaaad,2024-12-17,Introduce a SimGen example (#791)
3c6f7d9501a2ace2afc7530bbe85e45ff61e9f68,2024-12-16,Introduce a test script for determinism (#789)
d29ef38ba4a82a02104d46956693a7ea957984d5,2024-12-16,Fix a bug that first frame of depth cam is not properly rendered (#787)
4111ff5be9a66648811132a64c90636a8a3e229b,2024-12-15,Fix a bug caused by CUDA image caching: when setting new cam HPR/Pos,… (#788)
2b6f5d3b63deed9f16952150f25f7184a5c115da,2024-12-15,Fix issue that car can't full stop if brake (#786)
b908149e422f2e7715207ca1eb81380342de5681,2024-12-06,Releases/0.4.3 (#780)
5bf8ea8909c4643a4099a250e6f5fb89c695d8b4,2024-12-05,Introduce the ScenarioOnlineEnv (#779)
6b19a0233e4a6ac19d75a9f131c4199970fbbc12,2024-12-05,Hotfix the bugs introduced by bounding box env (#778)
8fffccd9c034a149ca71b74010c71e1f2fabf8d0,2024-12-02,SimGen-related code (#777)
0624f72a37d82ae26677b01bc6226bd6883ff02a,2024-11-19,Adjust the scaling automatically in TopDownRenderer (#776)
ee5e1f8321ed0423a82c466132970f2dbbbc622a,2024-09-23,fix sidewalk rendering (#762)
8be4087b24e58d3b834cad358e27f75d409769dc,2024-09-02,Fix ramp rendering (#759)
ed46ab76a487775dc9e913a46b606f6bf72e8339,2024-09-01,remove duplicate `tqdm` dependency (#756)
8769632e7d7901ba816a934e5b216e903ee4f093,2024-09-01,show splash screen only when `show_logo` is true (#752)
e47791f6c145b78f693edc2c1b8eb7f84ff3d5fa,2024-09-01,Merge and splits for ramp (#734)
d78478dfa61c798487b4f0e4c3afb0465ef03d31,2024-09-01,move pandas to test dependencies + remove geopandas (#751)
9b3fde1b3ebd9382d30de7ac4c60ce868f681a53,2024-08-20,Introducing a single agent, multi-goal, four-ways intersection environment (#699)
880fcd034e971e9bc4f15f1107ee74ce73c3776e,2024-08-20,Add done state: `on_broken_line_done` (#710)
aaed1f7f2512061ddd8349d1d411e374dab87a43,2024-07-27,Fix CI & Fix doc & add example for add traffic to sumo map  (#746)
fa62fc63d4d99217482a2d24501b3773ff558037,2024-07-21,Opendrive map support from SUMO (#744)
05ec6c8ea9a9fc77742b8af9967e63b43b4abaae,2024-06-01,Fix CI (#727)
233a3a1698be7038ec3dd050ca10b547b4b3324c,2024-04-07,Fix default value setting of hpr (#682)
b19d7a49787142b33b4189dcba09db2eced1fb55,2024-04-07,Introducing the navigation information in info dict (#690)
ac0dd44136eb518faf8bf2556ae47f8582b7e35e,2024-03-26,Fix pedestrian animation in semantics map (#685)
6bf42672eb60e879de5a18e94be56986cf7817c0,2024-03-21,fix expert bug, cover side_detector and lane_line_detector setting (#663)
e2999f009c61942b90baae094f9842d151d0a70a,2024-03-20,fix lane line bug (#681)
e7c1f475d944ee0aba7d7ada52938ea71073567f,2024-03-01,Add more examples for semantic observation/sensor in docs (#669)
6578760c3d53da9d48ea7781b1fb3ec66db29d2e,2024-03-01,Add prefix to object before spawning to avoid object registered twice in engine (#659)
27f5e71e1cb505cdbeb6397d63f9ebb4a69dcb22,2024-03-02,PGMap: customizable starting point (#667)
65d17aa7837e3425ba495d68ef9ffda3e36a715d,2024-02-24,Fix test (#662)
905fbdd4a0a1a46cf9ad2b795313a42362d32e93,2024-02-24,Fix light (#661)
5ca5bb80e50f1083da36b8e830f896bff13adcdd,2024-02-22,Set default sensor (camera) offset to avoid the camera being inside the objects (#658)
6504392af472da97774e3c916420410e401e7940,2024-02-21,Memory leak when rendering (camera / UI) in PG map with multiple scenarios (#656)
c326ae5f6b409ed90d2bcda8b5bc12689c8c03b5,2024-02-21,Fix example (#657)
fc04519ff124670575eb3bba5cb9ea53587c3167,2024-02-19,Issues in headless / offscreen rendering; add example (#644)
c83e613f0ccb11116b214e45c1971e20a3d9f7d2,2024-02-17,Fix memeory leak (#640)
972b1ae4c864eb4f0769d68df1abaf4ffc4e5e16,2024-02-17,trigger ScenarioNet test when update MetaDrive (#648)
1ff8725ee694d602dab861576176273047f99712,2024-02-17,Fix scenarionet sim (#647)
2d54e5a6aeea98d66547f10dc307f214571dc8a6,2024-02-13,Fix the BEV image: the black background and wrong heading when `target_agent_heading_up=True` (#646)
a4da4c1672bce43fd369e1cc3a1cfd6d3257f8ae,2024-02-12,Deprecate the resource expensive read_summary pipeline (#639)
ffdb1e7e57b020c3c1aaa23f6306b9a97d447f20,2024-02-12,Introduce route completion for PG map (#638)
a369fd1116095474bc6d1869c46daa5464ec3ae8,2024-02-12,Fix work groups of depth compute shader (#633)
13ae40893b4ca8360d8b03681e5bc308d9a57c18,2024-02-12,Remove docstring coverage bot comment (#637)
637a2213c545d33d88cb42479b20fec07e65d345,2024-02-06,Update doc: how to development a new environment (#631)
01e7f89f3a8b03185832e5ce9de5b65e950b1b7b,2024-02-04,Unpin numpy and gymnasium (#630)
eea6a952fcd551ae7f0c0691c58e22810912b8b2,2024-01-29,Fix minor issue in gym_wrapper (#628)
118054333a0229c73c3bc5fb6d0c78e813f21809,2024-01-29,Fix minor issues in MARL envs (#627)
4d8aa5917c9c81bc4093d0bd1ab45a1fccd1b338,2024-01-27,Update README.md (#625)
4dedd14cba2711c68f1700e610408109b05a9953,2024-01-27,Fix test (#624)
b65a558d8b7ad8f1922444e52aaca02802d302d7,2024-01-27,Make the apperance and physics body consistent for lane lines (#623)
c54528925ccfaa6967056fa08cc0f7f505366b94,2024-01-26,Releases/0.4.2.3 (#622)
10e413f6d7c30ee57bdc64394d05464a42a382fa,2024-01-25,Update description about MetaDrive (#618)
2949cd1453ee77260b5cd63c09097d3736aaa351,2024-01-24,Fix Xbox controller; introduce Takeover policy w/o brake (#615)
08b8b92baa0d818c2c6355cec3d005eb5c2e6e9a,2024-01-24,Fix static obj (#616)
acb47a105eb885e190062b2dcdf4e0d4b853d4e5,2024-01-23,Fix issue on human-in-the-loop env (#613)
b1ed015f98bb37e2f33e08c68ee843f1855ac198,2024-01-22,Fix agentManager (#610)
32fc74e25aea56ccc030a7ea0b602b277893623b,2024-01-22,Update default argument for TopDownRenderer  (#609)
fb53a72feb28b814118c306082429e76f1fa2dd0,2024-01-22,Render() should be called after engine.after_step() to make sure consistency (#608)
bc162e1b423bd194a58ef2269103f1bcea5f53c7,2024-01-21,Fix pull_asset (#607)
8d08034e7cfa6504c1942bb4b5aaeb703d4b204f,2024-01-21,Release 0.4.2.2 (#606)
c7709b3023f61a452a30f2d7f1139a2026aec53c,2024-01-21,Update the documentation related to the Scenario Description (SD); bug fixes in SD and pull_assets (#605)
3adbe2477ed01e208d8c8d20a297c0181558b6e2,2024-01-20,release 0.4.2.1 (#604)
8a6a950120035c413a101cf761035eec85f42507,2024-01-19,release new version (#602)
eaa3f9df2a82b3b67a2b36225c2c0a6b7d0a0f3e,2024-01-19,Fix birdeye view (#601)
e43692cdd58ca6bef5e5a11e3084f505ce4858ce,2024-01-19,fix test (#600)
c1431f5ed03c816d18a4be0978ebf52f1db78b5b,2024-01-18,Sumo integration (#598)
6d52930d6528f001bdceb243b43d5425aeb9882f,2024-01-15,Add support for integrating sumo map (#597)
9276a2cc3a149614d528e7e2a36c9d7a1307fb50,2024-01-07,it should raise error (#594)
ca2a869cac423dd6c44b394c6f3976797ad29267,2024-01-07,Update doc for sensors (#593)
53c093c406433a5c79600571a68096c5caf469a2,2024-01-06,More sensor example (#592)
6d201d702feadc0d5390d096c763f0d4f7f4a9ca,2023-12-29,Fix sensor test (#590)
7da9c67d5f9b3332a820124b50e1118f906b1a0d,2023-12-28,Fix memory leak when calling reset and close repeatedly (#589)
6de3554cb5af00ce1b8b68d28f20d2e1e6ee12e6,2023-12-25,Fix .ipynb example (#588)
606ae8ad47cb636de6f577b1af2149434d174a15,2023-12-24,Update doc: Top-down renderer (#587)
d9cd92edbd7f5faa2e21a17f48df9d9d1f239ba6,2023-12-23,Use multi-pass rendering for sensors (#585)
e1f4b9479b01dab45831ed3697453375314a432b,2023-12-19,Add test for checking rendering when installed from pip+git  (#584)
de63064038ddd94e37d4110a8af9a2ec4c49ca81,2023-12-19,Include .glsl in simplepbr (#583)
126d6d068fa9f4a94db30aac0a5c62c2d85083d2,2023-12-12,Apply model transformation to PSSM vertex (#580)
231c91ee53b1ea9177d14a09e1614231c7ef37c2,2023-12-12,add torch expert (#578)
f247bdd3781790bfbd887427f396cd578cfc110f,2023-12-11,Remaking the SimplePBR pipeline with PSSM Shadow (#577)
b8a66c92ac34a5f80944b41600fed08d8e3a90ee,2023-12-07,Fix contact bug (#574)
73187f6f2447f0cb2960db0d409bec02ee4e0f8c,2023-12-05,Update the simulation section (#572)
e001457656eddf3122682eb262fc8705d656a979,2023-12-02,fix broken links (#570)
f9f1a79cc01cf5df06b378cd91906e59ae6007d7,2023-12-02,Show lane line in semantic camera (#569)
b7b5b1ea1e20e59fb489af9ede74708ac91b9202,2023-11-30,fix ipynb (#568)
bb145cf92380d780d2888df7bc29e9544a11aab9,2023-11-30,Documentation completion (#552)
9a89962e72c709e60d4a5bc19ce5f27d96027401,2023-11-22,Finalizing the MetaDrive MultiAgentRacingEnv (#563)
1429251b0a21cbffafcb36d63bead73fa4773a6c,2023-11-18,Introducing the Multi-agent Racing environment (#559)
55ab1a772f1f2ac613e907b3a87e8fee02f4242b,2023-11-16,Fix the example for generating videos (#555)
0df2f979e97e39282b3634a7984a2e20c77e4263,2023-11-14,Cleanup (#551)
19ade86708c92992adf554e49d815d5162a48f02,2023-11-13,Perception (#547)
cc3ad2ee9094fbbbef0b8cce351dfb9fe2f6852e,2023-11-09,Crosswalk is available now. (#549)
0d437097399b0b5cb7cde32880da30673eb8b435,2023-11-05,Set default contact result to unset (#546)
62353d630afff00ec7352c481d25204f5c652e28,2023-11-05,Add sidewalk support for real-world env (#545)
81ce062e80e9ce3dd8f1a4692f16eb45d3e8a43c,2023-11-03,Fix terrain shader on windows (#542)
845af2d3669c5716a66d5ba82753566d339adfd8,2023-11-02,fix the wrong normal mapping (#541)
b8d32786d2668eb6874ec7e764e309a042050169,2023-11-01,Update README.md (#538)
37bfbbf9f14397298d24d8e60aa6f0fe159a090c,2023-10-29,Use full size mesh terrain (#537)
2ac7bcbb18d486744598f960143a6446390fe5ff,2023-10-28,Fix the terrain missing bug by increasing the chunk size (#536)
f09148daf6deacea6b1900153946413aa2304d26,2023-10-28,Mesh terrain (#535)
ad7d2cb7f73defa5327f7dfe0e36acb1d1e61a8b,2023-10-27,Ignore images generated by test (#533)
bee52c5e41675eb1192888cbacfba53433b4ceda,2023-10-27,Remake terrain (#531)
6369b7057543ab0e71c3cd51f3d0a41200fa4e16,2023-10-26,Fix vis block (#528)
13c934bc3872caa033d458246a64abd73633bef6,2023-10-25,Add some docs to vis_block (#529)
41f60f9b7a053b9d4f4686e53a2cf88a57aad77a,2023-10-24,Sensor test (#527)
eabe10172d56e7f0efc53ad5750bad4278d178ef,2023-10-24,Add utilities for MetaDriveType (#526)
d3a34323217393d70d49481cf92ec38f4e0605a6,2023-10-23,Update webpage (#525)
32d7f42067fe97dfeecbc946dd6ef1cf54ca91d6,2023-10-20,try bypass docstring check (#521)
486f1903a8c20b40987b355c6fa19b8fd0018fb5,2023-10-20,Adding ROS Bridge   (#515)
c4d926eba12329c8450b0c01b88942c4d4db403b,2023-10-19,Hotfix github workflow (#519)
d07865f939d419b498f8d86ea90441233489b04f,2023-10-19,Add docstring checker in Workflow (#518)
aa3446da92b9683fa74b8b0b36bdffd1ee85c46c,2023-10-18,Fix the pull_asset code; Update minor docstring (#516)
ee8447ef00188aa91cdd29be3d9ec8ebfe4216ee,2023-10-18,Fix semantic camera bug (#514)
3a7c740365de186a044751c51d6646a6efcaf116,2023-10-18,Make TopDownMultiChannel support ScenarioEnv (#498)
653431be036c818e38856f0148789aea13c4f5fc,2023-10-04,Add pull asset hint (#510)
fb92adc02197f0aba72ba237c65fdded31a6116f,2023-10-04,Add connectiveity when saving to scenario description (#508)
72e842cd1d025bf676e4af8797a01e4aa282109f,2023-10-02,Escape backlashes in bottleneck.py (#504)
e47db1199c87a2de57e2fce0a45fdc4c4d1284b7,2023-10-01,ImageBuffer: prevent additional copy converting from RGBA to RGB (#503)
2f8379a789c97956a9acd994c11df4d07086796e,2023-09-22,Add more info to scenario description (#501)
d82de0d9a350e49021ea875599116fa5db6b67c0,2023-09-20,Top down semantic map (#499)
7d6f8ef707bfff67c6b88f3b4a98f8b1d58bf8e6,2023-09-12,Colab test (#495)
e2f1dc547a5cf03bf8e141ebbaab338a451ede49,2023-09-06,Fix doc & fix WorldLight (#492)
9b79a07a49bbf46e15fc592423df7efb2e18f049,2023-09-05,Align API for all sensors (#491)
bf59ebc65e66b911689f3db6f5307ff0a7682abe,2023-08-25,Sync Linux Update (#488)
206f575a2dc7eefb5909e3f3422c72c9af513d7a,2023-08-22,Fix colab (#487)
902186db8d4673770ea86267e08091fd46283f2d,2023-08-22,Releases/0.4.1.1 (#486)
b39cbceedba0c724eb99a9529240a65aff513fa1,2023-08-22,Releases/0.4.0.3 (#484)
ec35a0c4af1c9af7158cf1f110b55f232738e2cf,2023-08-22,Releases/0.4.0.1 (#483)
c47cd02abbab31251dbfae297cdc90a3efd3d296,2023-08-22,Post clean assets (#482)
b58863f13354fb055663f09b21e110017ddc22ae,2023-08-22,automatically download asset
3789e7bbec068f099ad1e7a2620eba491783f3db,2023-08-22,setup.py download assets automatically
d24cc8803fb5e6e016881b054f009248a4ea62de,2023-08-22,fix bug
a53e3263dcd30c07961f6e1472ba0aeaef0045b1,2023-08-22,update depth camera
9d3fdcb5024f595c8c3fe525a5dcbcecad9cc03f,2023-08-22,ignore assets dir
52292871898814198060d187ce8f4db6683d2de3,2023-08-21,Refactor sensor api/camera creation/render mode (#481)
998dcbd5fbd4fe73c0fef8c39699e9be405464f1,2023-08-14,Fix coverage ret for ScenarioEnv (#480)
c40c965968f347d7483ce200f8086bcd457ab18c,2023-07-31,Upgrade Gym to Gymnasium Wrapper (#458)
39f8126addd3b933b043a7dea5f38b6d1c2ac7dd,2023-07-18,fix bug caused by def render func (#472)
03cc7c5e7669d0a363c30152dbc80c034572f89e,2023-07-17,fix a rendering bug for top_down mode in multi-agent envs (#468)
18b435d6771858c4c4d7c3175de04de55507096b,2023-07-03,fix type error (#464)
2c3924227010638df34a1cf14f125b446609f2c2,2023-06-27,fix example  (#462)
2e376df1dd22730fa061c33630168106ba2b5661,2023-06-23,update gym wrapper (#459)
c418e34c1cc625bb17f74c1b19a372c3903240fc,2023-06-20,Make video (#457)
39c959f84f7b6d146a30f555368510641d29954b,2023-06-19,Move from Gym 0.22 to Gymnasium 0.28 (#445)
9d7ed923874987f529daa3847560fe935071afda,2023-06-10,Neurips Update (#452)
4eab2a76555ba452ed93b11518f66188a4792595,2023-05-13,Fix bug for generating dataset (#439)
111921929ed47c617af88b8a6549f51512f03039,2023-05-08,Migrate scenario tools (#438)
4d2acf3f3d672a336f892d603a3a0efea18d6bd1,2023-05-05,Keep upgrading renderring (#437)
3a0a9b8ac8e2241521b0f54cdde943086780fc7e,2023-04-30,Render pipeline (#435)
cdde8b7d76b1d090b19327b878b41c95485ca493,2023-04-24,fix warmup bug (#431)
e814509a00ec4edba61ca372c264798c1d3b6f3c,2023-04-23,Convert nuplan (#429)
a6dc4bed428846a9363e38feaf1a63168059f1a3,2023-04-22,IDM policy support for ScenarioEnv (#427)
0f3599f6b581166ea5b996835149a33578b779f1,2023-04-21,NuScenes scenario can be converted to SD and loaded now (#424)
5fec0da9836c1182a06a71e3c8dd225bd35b7f7e,2023-04-16,fix camera bug (#422)
8facfe49c7f2690035cabda7a7f33745c5b66ffa,2023-04-15,Unify all coordinates to right-handed/remove vehicle 90 degree offset (#420)
b4187206b6de6b4fb6efdf120153e8433af5d626,2023-04-10,Improve the converter from waymo data to MD SD (#419)
a0f91b1e521537a5d299f89be565a8a1cfa98733,2023-04-09,Use polygon to build metaDrivelane  (#418)
84fb3d204df03d3fbe376088f01dc28668deaee8,2023-04-08,Greatly improve the Scenario Description for Waymo dataset: introducing a lot of summaries of a scenario in metadata (#417)
32d3c180488d466655984eaca7242a0bb6145f32,2023-04-07,Supporting NuPlan env to export MetaDrive Scenario Description (#414)
8db3d62c19fc229fbf67b172964a6182df612657,2023-04-07,Scenario light (#413)
2564d33e4bb745117220539fa43fa7dda54c50d9,2023-04-05,Scenario stores throttle_brake/steering only when necessary; split object size to width, length, height; fix traffic light in Waymo converter (#411)
a822c65b47ffcf992f0a8ae79e022c3ce3645baa,2023-04-05,Introducing a general ScenarioEnv that replays logged scenario from Scenario Description (#406)
3c8a8cf1f7f3bb2269d9fd04c9313921a656598b,2023-04-03,Merge bodyname into MetaDriveType (#404)
04e878eb58cc056c72130585dce307efa6eff285,2023-04-03,Formalize all line/lane/boundary type strings, remove redundancy to avoid ambiguity (#403)
3722b9b8ea6821b72287ccc56869236e7d3c1691,2023-04-01,Remove created_time in the metadata of MetaDrive Scenario Description (#400)
ca9d79e19b1be9f0b808c62fd4948a3690e28acb,2023-04-01,Fix the local coordination but in Waymo env (#399)
970d2ce2b093c063e0eb6fb95757963beafa22ad,2023-03-31,Rename num_scenario, environment_num to num_scenarios (#397)
dc347b4a5c6963796ce90e7b0d23a5097cb72f4e,2023-03-31,Record speed limit in kmh and precisely replay it (#396)
12287486db1e742797fcb5e483e9b7416546c7b6,2023-03-30,Introducing a VaryingDynamicsEnv to randomize the vehicle dynamics for generalization exp (#395)
b8a935f29ce27dd0e5152d67402c5a3f54ac3a6e,2023-03-30,Continue to improve scenario replay reliability: more strict unit tests and fix bugs relate to them (#389)
8a72e187506745d5823223b372b562a60bfd346a,2023-03-29,Allow switching coordinate system according to metadata in SD. Fix consistency bug. (#388)
d11ea4870ac1e9dfa85cd3d097f43351756969b1,2023-03-28,Introducing the MetaDrive Scenario Description: A unified scenario representation (#383)
bb6e52d7e0c6f458683a8b53e673fcaeba24055c,2023-03-27,Create a metadrive.scenario folder, formalize MetaDrive type and Waymo type (#382)
03799a22191b2be5977c62f1953c310c97ae957a,2023-03-27,Formalize the dataformat of dynamic_map_states (#381)
ce7a30f6c74a318cf3ac3641697144548893ba00,2023-03-27,Reformat object state dict to 3 keys: type / state / metadata (#375)
6aef029b5e5d3a0fd502424e3d6b033e9a49fed4,2023-03-27,Fix test (#378)
bb8e772a204928506a6e8dbd4566a7c0ad665c97,2023-03-27,Fix nuplan in windows (#377)
c4a34760a8182a97d54a4cf39b47eb84920bc215,2023-03-27,Metadrive-Unify-Scenario-Export (#371)
01075064a07bfa723f17e2657bbc5d5ed7b10bb9,2023-03-26,Introduce a temporary nuplan docs, fix some related issues (#370)
56836cbebb3c340a857c20ffd44e5b2248f46c7c,2023-03-26,Improve Waymo Env termination condition; fix set_state bugs (#361)
a521ef796e7e4b9dbfbc080021b8c5f10f9f2f20,2023-03-26,enable read waymo data test (#360)
349d55dac37d7de26c48666c8438aeff6f2bd498,2023-03-26,fix gltf loader version as 0.13 (#359)
46481f07eb2ce3eae62211789d19d3d7d73fdd24,2023-03-26,Improve versioning of scenario data format (#357)
483c939a062060a003791b83934c26d8eebb3f61,2023-03-25,Draw map (#355)
527df8d3f1fde65857a8a39bfcc3ce1bbf6b8bcd,2023-03-25,MetaDrive waymo data reformat (#354)
cdf6e09db303c7978b1ccae6b01def1b070e12e7,2023-03-21,Update some items in info for Waymo env (#351)
d1693615315743bbcc4f40e5d08d910aa21f6edd,2023-03-21,update the default config of Waymo env (#350)
5786f5c65b2a49ab5519d71ac5afd38faf0f448b,2023-03-20,Fix MARL test (#349)
c8621f7b6b610e0bfbab99c0f638c20d004071ac,2023-03-20,Fix test bug caused by setting_heading_theta_api (#348)
5ab0f54243cf45cb66ec03da85b9c69c3363c5f3,2023-03-19,Make video (#347)
48525f85996445518ade4e8bf0c30a4d07c2fe7e,2023-03-17,fix example (#345)
1c7a30d9cb00449cd7802b87dc7fd74b1bdb6720,2023-03-17,0.3.0.1 (#344)
42de3d47e6075741414dce45dfd439ed10dfed88,2023-03-17,Traffic light support (#340)
0b3d393298a164d672054c233d46aea5803bb0be,2023-03-16,Fix offscreen rendering (#337)
ec4139307f1f00efb55a555a94f60d91c66d17e0,2023-03-13,Pbr-rendering (#331)
539a45015ae562588cbe5cf00bd2e7b2289c0f0e,2023-03-11,turn off test rendering (#327)
848103de846795e21d5c696614fd1464b8b71b99,2023-03-11,Update GitHub action+Fix test (#326)
9b87c42b0c8bb9219f993501ce2213d8bad8b5ff,2023-03-10,Opt nuplan FPS (rendering+app) (#325)
e8952176e5bd557e744ba4946cfe6045d95bef65,2023-03-09,Update webpage (#324)
ed9e927c50a77dd06c36d707ccdf704707392c43,2023-03-09,Nuplan pedestrian opt (#322)
bccc8d6eae3921ea0b028a29eb7631b489a9babf,2023-03-09,Nuplan map optimize (#321)
d47553682b9dd45c4e21139312c8827dbe7f8d1f,2023-03-06,Align speed unit (#317)
923b41f10126e801c19887d3c562dff971d8e876,2023-02-27,up (#314)
96b875f4f86edc879814df303f84129450a7be46,2023-02-27,Convert OpenGL rendered image to Torch tensor (#312)
f292eb18939a9782a95a7e2d1d70820f4667a8ee,2023-02-25,Update a script to demo how to generate videos for BEV and Interface together, with builtin expert policy (#311)
bac274e09d51218409e1d426f323640b13a4df33,2023-02-25,Discrete lane change policy (#310)
515c76007ac6b98e0a25b00682254bac3dfa60d2,2023-02-22,Improve the config for discrete action space (#309)
5c308fb80c9701de277234dba7f2552e44234d33,2023-02-21,Update dependency version (#302)
733936dd326c0aa0165cf817ce887445f4b1c9c2,2023-02-19,Disable panels in user interface when using offscreen rendering (#305)
937b43c23f8d9353d8e1095c01bd19df95bf43b5,2023-02-19,Pedestrian (#304)
e10c2f58336502af1d245ba0425a60595e9dcd5f,2023-02-18,optimize (#300)
277e25beb749f2df97309a9e6b7b17aa20bb71dd,2023-02-17,disable camera-related test (#298)
668d7385135e8b950e13a8ccdcffdb516e0d50f3,2023-02-17,Allow main camera as obs (#297)
299d6fdf8d4ca61328475e5d9ea7e5495f2c337e,2023-02-17,Hotfix (#296)
dfc25e8e76b5981f92381375766a7c6e8ef2132c,2023-02-17,Allow set main cam (#294)
1c0859407c41362b7d6932a98788024807a6598f,2023-02-17,fix bug (#293)
0b7184ff80202e9c440926f69e12e501c07df286,2023-02-11,Fix typo and update docs (#288)
eacebadfcb62aba0d23a8aa1f44564d7e5f6bd1c,2023-02-11,Fix the memory leak in waymo map (#285)
37ac6d25e22280ab5d67feae1f3a5feea2cd9727,2023-02-10,fix replay manager (#287)
7b735b1b567c1856884cbb016e9043e491bee98d,2023-02-10,Nuplan Support (#282)
b417d212f953a42f5897bd3d9fa8c39c8a12ff3f,2023-02-07,Replace deprecated numpy types by builtin types (#277)
81d6acc63f69192829221fdb32cc4fad8ecbfaee,2023-01-29,Allow draw a line to next navigation checkpoint (#274)
3b8f22345c97b00dee834475008b0082fc2b17b2,2023-01-19,Fix opencv-python (#272)
8e8279668dd7be45e351e2a25219642d63709614,2023-01-03,Fix rendering (#269)
e8e0ad0b3095c5bd0c5c50b6b573d12bdf603d41,2023-01-03,Allow change shape of vehicle via vehicle.reset(vehicle_config=XX) (#267)
e70280c2e6fb62bd0c1b68bc2e074d5fb7b47aa2,2022-12-23,Format code by optimizing the order of imports (#265)
31e444ed9dc56b5d9aabaf7c178bb124406292ba,2022-12-23,fix a potential test error (#264)
41d12f80c53a39c1543365ca1ea601705678af02,2022-12-22,Fix WaymoEnv memory leak (#258)
4dda5aadc3775a8a9a8f929caa5f60353eb3ae05,2022-12-22,Introduce a script to profile MARL Roundabout (#263)
eb69e56f9d4938f96060dac12bfc1c668ba7b488,2022-12-22,Identify some issues in PGMap that causes (slight) memory leak (#260)
b98a35b916b3a784c2bea1c2488fff9c7dabf9e1,2022-12-20,Improve some documentations and functionality related to Waymo Env (#254)
7903a070699acb42527b4ff5d6ae606a3351b0b5,2022-12-20,Fix map managers: force destory & respawn map instances, do not use recycle for map instances. (#256)
f3259ef7729853f0c5165fd5ff018cb7eeef53ad,2022-12-05,Fix a long lasting "pip install" issue which will loss files in asset (#250)
26a4f17ddf159fc724f22b16589cb7077e23ac9c,2022-12-04,1000 fps (#251)
74942b2d213469373a5ad4671a1a2219fd5831cd,2022-11-30,fix (#248)
1a473ceef9ad22830f800fb9f9224cc6fcbacd1e,2022-11-30,Fix waymo idm (#247)
ede2030205123599102add1667689db5b5a988a1,2022-11-30,Waymo update (#246)
74719d7dd458ce2a315b24aac63a8af7820d510f,2022-11-29,improve some docs for the policy classes (#245)
1b835a365e9caca9b336098b3b6c4950bf4a8c23,2022-11-24,release 0.2.6.0 for metadrive-scenario (#244)
923f9278dc4f4a5603eada4fe4ca91d1f44453a3,2022-11-24,Pre release dataset (#243)
6b222ca4e02ec942ef8ef73f210cb2808baa9c85,2022-11-24,Update Pygame render (#242)
36d88ddb8414a89189872b131a0b8621c0731345,2022-11-24,MARL model (#240)
6a7e6a7c86630fbbc7c3570352d6e6db7ec09223,2022-11-23,Pygame render (#241)
14596b8bc42fd96053a78876aa11bda43da0420f,2022-11-21,Fix parking space issue (#226)
327c00f0e7bab56ec9ed9f32f72a1399b380cc99,2022-11-21,Scenario training (#238)
2bf04cdf5bfe3267d226e372555e279c6bbc01e4,2022-11-09,Fix test (#237)
35be56c3d25fc19b4822dfb6d7330f04a2576269,2022-11-08,Generate new dataset (#236)
bea8420c2384316a01ed0ad87d12b292c25a6179,2022-11-08,Dump all objects information with map (#235)
666c9a09917082aae54caa844b48f31b1d576f33,2022-10-31,Remove prints in test (#228)
65aa0645293fe8d886d7b7091d8d1ce5a710fa71,2022-10-31,Add Support for Scenario & Improve Waymo Scenario Quality (#230)
319cd111a1b990a8083294aeeca5cf258a7e851c,2022-10-29,Fix expert error handling (#227)
29a7a1da14e4afb09677dd7e3f3683bdfdb80bdd,2022-10-27,Opendrive support (#224)
a9046681df51b1ed1caa1f0e63c9b3e4dc12b78f,2022-10-24,Fix a typo in profile_metadrive.py (#223)
f21d168ff60022caa4b0807b48a47891d941f49c,2022-10-24,add argument for profile_metadrive.py (#222)
34a96ebe532ff7a6ea9321978c605415fb39b927,2022-10-24,Support flat discrete and fix top down renderer (#221)
4cf02da81bf064979f8610ce0d394c2f58de4129,2022-10-22,Update README.md (#220)
20fcfcae0617299c6eb9b2f54fcf649f3c0f9791,2022-10-22,Update news section in website (#219)
cba6b7009a13adaa98d7233e86dab09553c43a38,2022-10-13,release a new version ignore the numpy requirement (#218)
60fe267c05ccff297cc61d547656472c0cebfee7,2022-10-09,remove version requirement for numpy (#217)
67c67901503bc03fba525c8703f0cebcaf819959,2022-10-09,use numpy-1.21.6 to suppress colab warning (#216)
60c70fdc7afa4070a36e7e85daa7f1ef1c91aab6,2022-10-09,Use-numpy-1.21 instead of 1.19 (#215)
485b914ee412f63dc892d11a9926459a832d29b2,2022-10-05,Colab badge (#214)
45eac4d7ad762b42217cc6697e8cad8f04e89ad8,2022-10-04,Colab Example (#213)
f02940aaa74165f027d9a5482b145827cc31d549,2022-09-13,Fintune Waymo Environment  (#210)
0d03925839acb03e436839483a3d622d64d84ab6,2022-09-02,Allowing/optimizing RGB image retrieving (#208)
31236dbea2874779fe65fd8296b1e6103da895d8,2022-07-22,format (#204)
50bf506ddd6f486b7b5959f18e65eb34fa88483a,2022-07-22,Introduce a bi-directional Multi-agent Bottleneck environment (#198)
0f37a1c283515c227c544686c14cd777d8cf8f06,2022-07-22,Update xbox controller control option (#203)
7e61ea0f0866fb612d9737e349bd0c5ee19f5762,2022-07-10,disable test rgb destroy (#200)
e52a9cf4044339cfca73b301901d601c9dc3bd10,2022-07-09,Fix close and reset issue (#195)
24186ccf5b49789c30d87425eb8d402d4a0c7629,2022-07-08,Add a customizing single block example (#197)
29053ee401ef8f9a0aeb70e2f577f1c525fe6e8e,2022-07-06,Update index.html
48a994c087f47e2b2197977f539e22ed7e2cf52c,2022-07-06,Update README.md
329dabdd20732569044d04b095910630615544a8,2022-07-06,Update index.html
eb8f3494621477c1413c667ca6683ceec2fd00d3,2022-07-01,Update TinyInter environment (#187)
ee10cabb1af50f2754e251c7bbb7fe8eb6ed9925,2022-06-29,Add news in webpage (#194)
254309c35a32a3ecad8cd4f512c8b393f8c9af7f,2022-05-03,fix google protobuf import error (#186)
3142c25b3af6b8f973687e047b2bf80046d7c99f,2022-05-03,Releases/0.2.5 (#185)
3694f509ea4a76bfe309534d8d90ebd3160e698d,2022-05-03,Pre release (#184)
8fca41e25d41631263e77f7350f5596428d3b2be,2022-04-17,update webpage (#179)
ac52de757b7c6d305336ccbd240d7febfb0fe33e,2022-04-17,update all links related to metadtive in repo (#178)
c692ba1c75ee636fe9e1d50ea3b48a9c5b2815ea,2022-04-15,Add a new property to collect vehicles including just terminated ones (#177)
c9cbdcd676b048201ae86daaa733cb50eda179f5,2022-04-15,introduce vehicles_including_terminated (#176)
a452f11ee58c0439cd0c737b99716b1791e1ea17,2022-04-12,Update top down rendering setting (#174)
cdab5c44ac9ee78a0b38e34262b25540383802f2,2022-04-12,Mix real data env (#173)
68d50303a5c466cfd8ded3962be3a68f3ef16597,2022-04-01,Add fps test (#171)
464c099eba50f65e144df4941bf14af053578327,2022-04-01,Fix additional U turn in T intersection  (#172)
cb9b710e962b0550da00f2fcebafba31e35523b0,2022-04-01,fix on_lane error (#170)
0adfb3742016216ab456fb5784843abacd61fecc,2022-03-31,Deprecate the MARL observation and fix CI (#167)
c854933fff49395b8e96ce3caeb8165343bf35be,2022-03-30,Introduce a TinyInter environment for quick MARL development (#165)
9e84385ba9797cdce03221ec0ed41f980b06e9f0,2022-03-28,Fix MARL long lasting bug: dynamic randomization and max step termination handling (#164)
a571f1b06e7f55ca0cac507ce6514da479a1014c,2022-03-17,remove parameter useless (#160)
11783f289894e27a37bb0d8580b9e16acfbea483,2022-03-14,Fix bev (#157)
078bc5f751179064e11ac0ce3986e4d793ec81b5,2022-02-22,update HACO paper link (#149)
b4b9ed9aaaaffb60c07d4fd9f5d572efc46e0c1d,2022-02-20,Update README.md
f2f90d17a5305d7aa35b1019793a422533ccd87d,2022-02-20,Releases/0.2.4 (#148)
2e1f6569f031ef49d80cb117fde946e240302bec,2022-02-17,Temporarily fix a problem when using top-down render with panda render (#146)
d3a4ec80dc60dc2517049636f14f1c2b3d0208e4,2022-02-01,Waymo IDM env is ready (#145)
a987af34f5f64026f5193fc1f834ea19f6d85bb8,2022-01-23,Add Camera func (#144)
9c12e62f6a60ae8bbd2d634e5ce77ce5f8b6999b,2022-01-23,close useless render module (#143)
97f6e28578151d7ad1c689bf987528a8fbbacc28,2022-01-17,random agent model (#142)
f0773b8d551024eb79ae718fdb65fcfd6d6ae851,2022-01-06,Remove yapf version dependency in requirements (#138)
1bdb40606e03e13d41fda51d0a94ccf328de783b,2022-01-06,update the default setting of MARL envs (#137)
b6bf405c6b44a7b84f6951cb7b33f610ba583ad5,2022-01-06,fix a test (#136)
c9de7b23f1ddeeb5bda4a0b7752717990d18ad20,2022-01-06,Fix some problem in top-down rendering (#135)
51011a047436852ddf382eceadb4b4488b96fdac,2022-01-03,Add random spawn lane index option in single agent metadrive (#133)
48ba168b18588c550dfe071c03d013e4140e9fc8,2021-12-29,update manual controller (#132)
4dcf9049228216683176099bfb8c56b48f721480,2021-12-29,Run waymo (#131)
98980a7874e9124fd86133b6376abe4a25dd1ea2,2021-12-11,Train waymo (#127)
409926e84fc751e9c6deb569542ced789e65c026,2021-12-10,Register MetaDrive in gym environment registry (#110)
3ed3e452374b59542ce6858c5b9b3a1b7fd3107b,2021-12-10,Run waymo (#126)
1821aa77defa1692c0b66933f7464fe7d04d6da6,2021-12-09,Fix close reset (#125)
cff8028633033e0437f6e64f8cdcbd28884c8906,2021-11-23,Update relevant works (#121)
e98181ada17408af8d523121032d89c9f53c134b,2021-11-19,update the background image (#119)
5788411c642b65aacffd3996227d95a3e0db5e97,2021-11-16,demo of town (#117)
a76c94d2624cd58b8ca99cddcfa2afcdb1913efa,2021-11-15,Fix Top-down-multi-channel example (#116)
f59740ec267cdeaa758576a91b1e2a8d77feeb2e,2021-11-06,Update index.html
13a2bc05a3e03afd83abfd021608d8579fcb840a,2021-11-05,Update a demo video in docs (#114)
8bc59801ab44750086814e3a1a5dd78191f9f169,2021-11-03,Add a warning when MetaDrive is broken (#112)
f8d258d64136cf0cb56e857e657c478997e1dfdf,2021-10-28,Update paper information (#108)
cf52349d02a37be3753a08d7d31f45bcd7300ed6,2021-10-27,replace video (#107)
12e7688619d06890b1fd0be8f4e5ed9298c9749b,2021-10-25,Include a website (#104)
2361af800cc58638ce514cf5e8d026075bd88e1d,2021-10-21,Read waymo dataset (#101)
94a541f7f3c2c8c51746262d8d438400bc9b6859,2021-10-14,fix bug (#99)
a754d5065804d7ad7c8ea052186f9b728e42b773,2021-10-14,Fix replay (#98)
ac50bee0b76fc726ad769016779a97c01c0a7076,2021-10-11,Add a config to remove logo (#97)
5c075b63ed7439bb2175192d3e72e964b8353232,2021-10-11,New Top-Down Renderer (#96)
38b2fc24e4c6c69715adabae71f1582413b44bc7,2021-10-10,New record and replay system (#95)
1914d57f7bc5553c2051bfd919c09a9277094f55,2021-09-26,Introduce a mixed-traffic environment allowing controlling parts of traffic vehicles with RL expert (#94)
e25253cf43cc655e3b9307cb51b64fbf55a13732,2021-09-25,More Control button (#93)
b08e01db8799a504745c96d8909c9351db2228ef,2021-09-24,more manual control button (#92)
dd5ec1f83a7c99a979ec62f0004f5c7c4c5900f0,2021-09-24,Fix offscreen render (#91)
e08447c5928648f79156f69c9ef48b10ee4d6888,2021-09-22,Fix potential bug (#90)
d2d81368131e4eb406c542f738b47fd9fd742fb2,2021-09-22,need inverse vehicle (#89)
ab2babcc0a0bbadc6d0c653f67c88494afd333c0,2021-09-22,Fix takeover policy  (#88)
49c41ee487aeb1a874042204e480641cea6c9871,2021-09-19,Optimize efficiency: get_global_config will return raw config (#86)
def8439d76bd6d1c21e25e66241a813856af1e31,2021-09-18,Vehicle coordinates (#85)
a6cb6c1656b642ccce68d880b87f25c50f5b323e,2021-09-17,Add a bicycle model for future use (#83)
c3110d4461bfd24818214431a7fadafcc461a7d0,2021-09-16,Introduce a tiny logo in run-time interface (#82)
6c4615406a2ffeaadccd25b44a4d8a9e4ecc6b74,2021-09-16,Remove Cython dependency (#80)
886f7638691cb0fd0aea2def24147a52420fddbe,2021-09-16,Update README.md (#79)
b1e1efa9d355940a894e99927c8497c19654e68c,2021-09-15,Add custom policy config (#75)
848c0990d559cdd1165cca4e36fdbc64b42b7d18,2021-09-15,Fix a bug that observation is not in np.float32 to support gym==0.20.0 (#74)
72015a082bd3a779d349a1f8e5240f51a349502e,2021-09-13,Add a training example using RLLib (#72)
2963b8c49b65c9f37dd5ba458bc141ba03adb206,2021-09-13,Fix argoverse map (#71)
a48d88f76165d832e31e6630b174888136a3018e,2021-09-07,Add video link to document (#69)
81027a604b67a5f8e9d5a4947ae7da42c5ca9f7a,2021-09-06,release-0.2.3 (#68)
cec71729acf52eba4e016cf213d34ccda4d62d67,2021-09-06,Update examples (#66)
306ae94df04a12e903b976f8f466d3bbdaa983a4,2021-09-06,Update README.md (#65)
6a981f659ceb14a82e801a57718248b879171ecc,2021-09-06,fix set_velocity for object (#64)
346bc02224beb83537af0c00237bf7402bbf203b,2021-09-06,release 0.2.2 (#62)
eef9fd9fcd48945ff9cc28e36cde40090268ebc1,2021-09-06,update readme (#61)
e574f29a62e9de88baff7dd7afb821ee2ff94cc0,2021-09-05,fix evdev import (#60)
8ad2d1fb7acbb22f692d439a2a5b28ae9b37cee8,2021-09-05,remove evdev (#59)
25d1bf53a679eaa272cbb42354507bbc1a36c37d,2021-09-05,Update README.md
bcef8d67500c7a4082cd7352f4b9b68663a50bb9,2021-09-05,Releases/0.2.0 (#58)
06beb9750026a06679aa2649ae466d6843a87bef,2021-09-05,modify (#57)
8e967e15c5765e6a92ec82c2df3d405cd85793c5,2021-09-05,fix para name heading (#56)
c69c785edf91b5897d89e5f28294d6772827ac04,2021-09-05,Remove useless model (#54)
8c01fad6056fda58d0b5d3ddae651e8610fcad96,2021-09-05,Unify API for get_state / set_state (#53)
8d54e6e07f2f6f1fba5dac26b8d6c8be4959ec72,2021-09-05,Improve documents to include action space, obs details, and fix links (#52)
cb0c7b4336af1923d4d2951b47e0ee3fd0db1de8,2021-09-03,Improve documentation (#47)
1e151685c4366c08b3a71100abdd38b744e795a7,2021-09-03,Add new section to doc about image observation (#46)
76df51a1b507e7d764dbece70e1882f5b2bd0f33,2021-09-02,Add tutorial on how to use dataset (#28)
e75895a7a23562a2f456d0d9eb9fef1235727545,2021-09-02,Hot fix an example script (#44)
023ef45fefc386f4712a6fa0b8da3aa6fe8c809a,2021-09-02,add vehicle model (#41)
0645e7d3cc02b08fea31ac1f65b41a6eb5a3017f,2021-09-02,expert has its own obs (#40)
bbffcbb93f1a6344d9e5950873836d182504403f,2021-09-01,Add document to describe all optional config (#27)
4c7d7ce487bb31f4f97d1fa8a419bd30e8ba2f3b,2021-09-01,Update documents on RL environments (#33)
ec6099e5d4164c09269796691ef72549ad1e324b,2021-09-01,safe env example (#30)
fba353ac216033fc4a7edc2a7df8455e8c96dcc8,2021-09-01,Fix camera & add MARL example (#29)
5564034b4ab2cf7d7c84067af092a4204599e3c7,2021-09-01,Finish the reward and termination page in documentation (#26)
17b9e4a3ac6830dadff1242486ca96f1d4116f30,2021-09-01,Improve documentation on observation & load dataset 3/N (#25)
64e4ead746db9512cfe215c23f7fb075f1eb9d11,2021-09-01,Add tutorial to run drive_in_argoverse.py (#24)
96edfbb572eab326e733e4dcee4d5693f117a202,2021-09-01,Remove update_map in baseEnv & Finish MetaBaseEnv clean (#23)
c448d951a0ffbe11e7fd92f661b805455a928b37,2021-09-01,Improve documentation and examples (#21)
4e11ab7217e068b720257f941f6538def02d4555,2021-09-01,Update a script for using pygame top-down observation (#19)
dbea4224ce1d0902d4667b93e96711540ce59590,2021-09-01,Update the documentation in first batch 1/N (#18)
c56cd9771e20180c758c819893efc3bda43202a7,2021-08-31,Enable real data replay from Argoverse Dataset (#16)
30f01fe1eea602caa7e7a1ace9353614364cd806,2021-08-31,Update logo and cover images, rename "fast" config to "disable_model_compression" (#6)
5ad138d54c7b27bf8dfb31961471a7badc311e0e,2021-08-31,add .vscode to .gitignore (#13)
74c883c71d44ba20c9f3c26224b803058fb49c84,2021-08-31,update read me (#15)
a3d6447861a7ef2c51aac1b44612395790f9033c,2021-08-31,Add example (#14)
5ab4951abcd7c33b4c8c7115fc87a52523ebbbc7,2021-08-31,Update readme to deprecate failed links (#9)
62f6166ca0fc119d32ef5a354ec29d6178cdaa46,2021-08-30,Example (#7)
a9f187bb6e810fb48cd44aadcb7113e95e76152f,2021-08-30,Fix asset (#5)
02d31243d84251e4e814e0e63910ee8523731fff,2021-08-30,Update MetaDrive logos and images (#4)
6bce054826c2c7f7c06b70168b5f00b1ffb7da42,2021-08-30,Release MetaDrive
b1dc7f472800f75e20867252f2061e04a8a37bf3,2021-08-30,Merge pull request #1 from decisionforce/fix-horizon
d9e65065c4d24a55a264d92bb72df1d05b72abff,2021-08-30,fix test
f8494b0db91137f231b1e0abbeb8d7905837bfae,2021-08-30,fix bug
07f264bde34e914c0cc36d50b9d50a8fc660bf3d,2021-08-27,move pheromone
baa11a4e218cd60a0073ae0be71db67c9f879da1,2021-08-27,Human in the loop (#537)
7be4e9ae7eeda4da432cc953d2d85fbcf78e7e93,2021-08-24,Add horizon to single agent env (#536)
d73997c19d8ba30fff43029327142198695b7c56,2021-08-24,get shit paddle (#535)
d6dfea39a51078a69f170ef3ae41518a8f6e88a0,2021-08-23,Move env (#534)
bb7a8847919a510c09a5cad04e325c7ba439dd87,2021-08-23,fix (#532)
ad9869c3005c39dcfed7bf4ba66803f75701b951,2021-08-23,fix lidar (#531)
a218e9071cdd7c1a0f38358a31bfd6e6b9f0f875,2021-08-23,Fix a bug in visualization & Update observation (#529)
d1d2e7eaf39f383a914b638cfc38ce60c3ea2f5c,2021-08-23,add cost info (#528)
cd06e07dddfe3a41fa2a6d31e4576b6b9f10d35d,2021-08-23,In safe Env, out_of_road = out_of_route (#527)
8fd0c3c88f66ade634cc586c5db6c86452b14e4b,2021-08-22,Fix safe env (#526)
b67666ddc18f54ed920a0633a462685919432278,2021-08-22,Fix test (#525)
1b17f4ffdf1a0c7c19790f54bd3ef3690203216d,2021-08-22,Unify MARL Env into New Framework (#524)
f9cc725f84f7d88553bfcd1139822d3b702c85cb,2021-08-21,Fix side detector & lane line detector rendering (#522)
e935fdc6814ddfa68be0be37150bf0ab336f82a2,2021-08-20,Fix safe env (#521)
6ca784e846ca128ac7b718c282e9cf6a9ecd7721,2021-08-20,Safe pgdrive (#520)
3a4e8ffa35b16c9e79833abeab2bd2fd1c6cb19e,2021-08-19,lane num random 2 (#519)
197a4a733ecdc93157baf682f1d8cd191f75af48,2021-08-18,Agent random dynamics & Random lane width  & Random lane number (#517)
9360547aef12376a2188ae04449a4db8a2b14903,2021-08-18,Remove PGDriveV2 environment, merge it with V1 and call PGDriveEnv (#516)
948c1649f14205a2b7083c9dbb38710ce5a4df6b,2021-08-18,Fix top down (#515)
e08b1993bbd63b475a5edc6b95961958c1e09c71,2021-08-18,Update MARL envs config (#513)
21ddbf713da539a66ece17112f796b15a647444f,2021-08-17,Add lane width/agent vehicle type to generalization exp (#511)
28cb3489880a12e5beedfabad90e7375ef4a2942,2021-08-17,Refactor agent manager to support driving different vehicle (#510)
8a27b01cc9a23e757d1c86c338eea0a7ae99ae95,2021-08-16,Random control v (#509)
0bf845b481b90af4c6c3268f3e95ba206c75641c,2021-08-16,Vehicle dynamic! (#508)
df6c56428885943a8afe9243b55710883f02fea2,2021-08-16,Improve traffic spawning logic (#506)
2adcf4c554d42cc7e15ce2b7ed4611a57ee8f16e,2021-08-16,Fix a bug on road blocks intersection checking (#507)
91b766098ac47f020fee654169ddccd3de4b5ca5,2021-08-16,Optimize garbage collection, which causes extra time consumption in long run (#505)
f65e9d151d61f40651c176a1f89bbacc4d1d4391,2021-08-15,Remove intersection checking when load map from json file (#503)
84d194c669b0dfa5d2ec372fd2a5b63aa49468ae,2021-08-15,Idm double check (#502)
aa12b0037297eb7ab6e5a85a162b87aec421f089,2021-08-15,Fix navi mark (#501)
1a338f6340b656658f6b4bcfc68dfbf0b42ca6b7,2021-08-15,Building generating by engine.spawn_object (#500)
377c8196a8b573b4f9303d411f374d83926d7944,2021-08-15,A perfect IDM policy is integrated to pgdrive  (#499)
b8eee786bef451c92cf1b32f2259040b7a541889,2021-08-15,Optimize efficiency a little bit (#498)
65edd7ce6757dad93c629700c9957139e86ab4ba,2021-08-15,Replace the pre-generated maps & map_manager improvement (#497)
197abdef6a270fbe7ae5af7c66dc55dada82cb5c,2021-08-13,Obj init by config (#493)
5d2d64b71e745f04b1bcfda2e5fc75d120729023,2021-08-13,Refactor Vehicle manager & Unify Traffic under new architecture (#491)
63d0b7de232ecc034b7c84031f94aa677ed8eec1,2021-08-11,Fix the long lasting model problems (#489)
90e453fd335fcdd1ec2a71d4444f096dd1d42ae7,2021-08-05,hot fix: clean test code
5d09c9c9f5ef19fa60ca7902bc51d11c7d93b31b,2021-08-05,Unify car lqy (#488)
08eed54e981c160d3c812d2326c00fb3852862da,2021-08-02,Simplify body callback (#487)
ad10a6960c2780fc846a4f3c42f05ac167192b8f,2021-07-31,Split object (#486)
68931d58da21fb92eeeaf3865586de6fb2da5231,2021-07-29,Flat Engine Config System & Move camera to Engine (#481)
d69c72727fc9c515ff32bb991dc4f3e27a81cea6,2021-07-29,Manager order (#480)
f313cf1a018409ccbce55b3cf681412e26aa2d5e,2021-07-29,move generation envs to drivingforce (#479)
bb941b87a4dad9e362fdb1bab232081b270b4ddf,2021-07-29,Object config (#478)
1b32c508c051f2c80f2521f225041e944adf2098,2021-07-29,Fix potential error in webpage (#477)
315df048e25a3c6cc963697c70986ac7f4e2c47e,2021-07-29,Remove all "pg"/"pgdrive" prefix in variable name/class name/function name (#476)
455dcdbf4c6c7702f680aa05f36c87c358b5c96c,2021-07-29,Import Argoverse maps and OpenStreetMap maps (#474)
ca661f3e94c49dc36c4a0cc48865b4233b992173,2021-07-29,Introduce policy classes and policy manager (#475)
b56e18ec8dfe9afb22aa3230ab6fdac93597ef05,2021-07-26,Fix some tests (#473)
6d79313407bb398f4396b08044bd5e235262153a,2021-07-25,Refactor managers (#470)
8cdd24cb62868a5d58d09b05de40830d12edb94d,2021-07-16,Introduce PGDriveEngine merging scene_manager and pg_world (#469)
4a18f5640bf278622c07691ea7ed1a7233ce62b1,2021-07-09,Fix image source config (#468)
e12536a1272c4faa9428b3de17820942992af2da,2021-06-29,Fix the close of top-down render window (#461)
0c052cea7249743635368ee8f7be7fe6734868b5,2021-06-29,Add function for rendering top-down trajectory from json file (#460)
8c75f7e4e3b18e9dd2d7649fcd4f38f870581916,2021-06-29,Allow randomize the vehicles' colors in MARL envs (#459)
ddb1ab4cbd488ebe9d5823220653d06d0950c10c,2021-06-29,Colorful top-down rendering view with gray road network (#458)
e9e40d7243f2b83b1bb00cd6cb2587918e2d7437,2021-05-31,Spawn road color (#456)
bf7ff22f6884a081b13532f5469e5f6c6f91150e,2021-05-26,Plot traj (#453)
7123fb2c532a937a852df394e57b16d0c74901ca,2021-05-26,Fix many tests (#452)
2710f032806eb5715d0b5ddbdabe1c72acfa30b5,2021-05-25,Marl record (#451)
b081d6a1b03c9ccfe8d097d805d535a0072896a8,2021-05-24,Toll Model Update (#449)
6a08ea09536cf2469301078d562052db1f6ab94d,2021-05-24,Update default config for MARL envs (#450)
6cd944e129fa9d7c5488669c3f4efec37abaedc7,2021-05-21,Introduce Tollgate MARL environment (#447)
cfd2a4dfe638e909afa1ccb8d33127c29674a45d,2021-05-18,Fix parking lot (#443)
85243a010aa6ddec54585bd3f6cbd9011ac39ce9,2021-05-18,allow reset num agents at run time (#444)
72ecb751c13dad5863c7551a559f19a6d806dca9,2021-05-13,sync-env-config (#442)
e998d5925239f8880a55d975d25c1cc230765562,2021-05-12,Quick fix render (#440)
7d9c17d54232f1cb4fc9e53b7cbe34abdfdabe39,2021-05-12,fix in parking lot error (#438)
a13d9efdf97adecc1f26c12771f9d150ad90d79a,2021-05-11,Parking lot is available now (#437)
d96da912318c38669e46958bd8c2e84c6b7bd825,2021-05-03,fix render error in breakdown scene (#436)
e3e4f30ce11b088f84fbd116dc596d1997a69443,2021-05-03,Refactor traffic mgr (#434)
327f81bbd4e4c934c705522335fb2851492a85eb,2021-05-03,Multi-agent bottleneck environment (#435)
fefd0f2d180c5ebd56247ef83deea9d8b429d2c8,2021-04-30,Fix a bug when running as many vehicles as possible in MA Env (#433)
a4056250c43ca9a623b1d03d0e3e725178d384e1,2021-04-29,Support infinite number of agents (only if spawn places available) (#430)
fd8fd81bfea73fd5a791f86fe01472620539c635,2021-04-29,Refactor scene manager (#429)
6eb62fac5862bbef7f8199d86eb4b8741bbaac78,2021-04-29,Multi-agent Intersection (#425)
f015fa4cd9ef11be1c7e3209f2a57730cf75abfc,2021-04-29,Formalize the constant for termination state and fix reward early done (#428)
1c9b30d9dd0edf2bc31ba9e960ac45c6f8e9a4fb,2021-04-29,Add energy stats  (#426)
a6c7beab3ffbaebc9198418b463b66a08afd5236,2021-04-28,Update some important default configs (#424)
1d5ccfa475ffb09c36847d87bd8cee1b0469edef,2021-04-28,Allow delay done (#423)
7fe97178a0bf711931fbf6a872013dfbb05844d5,2021-04-27,Improve the randomization spwaning (#421)
7d17bbaa3a4ed29fc3da598a494f5671afa42d04,2021-04-27,Fix config unchangeable bug! (#422)
a1bf315c05ae4912f090eda5c6d91d72cfaca7c3,2021-04-26,Fix agent manager (#418)
8a1c3170dfb2c9e9890a77c3d8058cd71cecb5c2,2021-04-25,Fix action space bug (#415)
3c8391857536b53e1aaeff69419302524030f92b,2021-04-24,Refactor agent manager (#412)
850e9b65a232cc9145ed7461c5ccddd2646dd313,2021-04-24,Update SVO env (#413)
f577623cbefee9679bb21c8b2062f501c1b77c68,2021-04-22,Fix pheromap bug (#411)
b4817d6da27e55d7a9977e63126c0f6bc1893316,2021-04-22,Update phero (#410)
d6f7c4e438095b1142e15acf132fc3cb7dfb7675,2021-04-22,Update Phero env (#409)
17ec54c728de95e88411db35870c6b215f59ab8c,2021-04-22,allow to force SVO (#408)
ebbd1538a4d4fe12c45734ff660f528b1a0f6887,2021-04-21,Daily update PGDriveV2 Reduced Env (#407)
ab4c02275258720112652900a1a949e7cb0385c3,2021-04-21,Introduce a general renderer for fixed-top-down view (#406)
4a19ac6200928f3bd1906816c488af7d7626977b,2021-04-21,fix a bug in pheromone map (#405)
b0e20df12e33208d2093e2b9660632d55bff2cae,2021-04-20,Daily update the PGDrive Reduced Env (#404)
825aca7cfe7334339ae8641770d7ad5cbdedcec4,2021-04-20,Introduce a special mechanism (#403)
507636f86d447c8e9089c5bed52fd28ba654f896,2021-04-20,Lane localization will first find lanes in routing module (#402)
ad339526a752fb7521d37537f41ea2cf30d91d7c,2021-04-20,Optimize efficiency when multiple BaseVehicles exist (#399)
0236d4b66acf3af82d34ed3828d9dd2583500b30,2021-04-19,Add a config to disable termination when vehicle is out of the road (#401)
d06ef6d934a0d2a8f699582f286df5f3f2afce32,2021-04-19,Set reward to negative when out-of-route in PGDriveV2-Reduction environment (#398)
126dd9f65fbbcd09f28ee6cd500ca15d8e50b2a7,2021-04-19,Fix obs lidar (#397)
d8c9f83e5fae2af98b2ac7ed0c241d9e658cc27e,2021-04-19,Fix render window restart bug (#395)
e54d711692656439278560d3eeb18ad9ae54e602,2021-04-18,Refactor MA envs (#394)
b4908c4a92ec731133439887a00744a6c0fde8c8,2021-04-18,Introduce a env with SVO support! (#392)
8facaae3ef69f86d559f2e561d3f9bfcf4d6408b,2021-04-18,Fix a strange bug in norm operation (#393)
2721b5e58620904c761d87df61bac009bf0449ee,2021-04-18,Rename all "born" with "spawn" (#391)
cc6ab1908e56c9db388f72e6d86bb178477bacd8,2021-04-17,Update MA Round env (#387)
20d8838f9882003461208f2e4e43f4146fd74cd1,2021-04-17,Fix nan clipping bug (#389)
367e7139812393204e083bc5c687ae22645cf8be,2021-04-16,Greatly improve efficiency again! (#386)
21a3f484d257f700b2b1063f0fc070372c8c40fd,2021-04-16,Improve code quality for routing_localization (#383)
668a073a3db8dccfe0128848829c01e7c41d3593,2021-04-16,Greatly improve the efficiency of lidar (#381)
2182af56d439cc111081b5993652513b9108ee95,2021-04-16,Fix examples and use V2 (#384)
7024465bde744aa817717facf807facc1194bae8,2021-04-15,Allow to disable logo with "fast" option (#380)
3b822e50586eac0737485472aa54ae75d1a09626,2021-04-15,Adding multi-agent unprotected intersection environment (#363)
6108f6f6f1d7cd0cfeda2b8b05f9fbb284d844f5,2021-04-15,Fix a seeding bug and add test (#377)
51943356e4e44e52624590269af9df8ae752967e,2021-04-15,Enable mouse (#376)
e55451bb1f756b9cbe10a597657115ed6f3157c6,2021-04-14,Update block type distribution (#374)
d6a3d8b766389d19fbb33f52ff5348b0a750b64c,2021-04-14,Optimize MARound (#375)
3ed7607bd0873a8fc67ac220cc6da3f2dc6163f8,2021-04-14,Fix bugs in MARound (#373)
591fefdc3e426ffe878eb37f30c3f78f1f49be78,2021-04-14,Update some important setting of PGDriveV2 (#367)
46c8e7619f4a63d6071676fd918b9081053b7ca5,2021-04-13,Fix the zombie vehicle test (#371)
3f09aeb28c01cabd00524d0e63735cfe3610eb43,2021-04-13,Fix reward issue in MA Round env (#372)
45ad8429a1649dc0cea37eca9a1610d93e647b6a,2021-04-13,Prepare a threading helper function (but not used!) (#370)
104793d83c50ff58d21537be50c25bdbdc94b8c6,2021-04-13,Hot fix ma roundabout env (#366)
8a0fd94a14a1bacda1021cbe6efd4579ac6a21ef,2021-04-12,Multi-agent roundabout with in-flow and out-flow supports (#355)
4a49d58d642806979e84a1ee5187c848e501c971,2021-04-11,Safe expert (#362)
747d0f3163a1a6c97492ef3076e685847cb9858e,2021-04-09,Optimize efficiency (#361)
2e5f9209a16897cbe396816261a8aec0ba5901de,2021-04-09,Add unit test for reward cost and done (#360)
93c00d50a0e90a098c3ec8c1d3dd49d3595f282d,2021-04-09,Lane line bug (#358)
183d2debb33acd027a97affac79911698309d671,2021-04-09,Find block (#357)
1df7b41dfa7b743c66de5c49d18966f10c941a90,2021-04-09,Refactor the observation scheme (#347)
3abc8c25d28df83933d8ae056f94df417a1ef5a8,2021-04-08,Fix a bug in traffic randomization (#354)
2a6b0e8442c4620409ef41a4aff2fd46d2d0fe35,2021-04-06,Update top-down (#350)
8bf2860c032810a8ddad2794c3cc9571839c40a3,2021-04-06,Update MARL roundabout envs (#349)
db8380d108d3be65b8bb777388f3f25d99d53d9b,2021-04-06,Allow larger perception distance than 50 m (#348)
8591538a7b74034943483749a916e817787a4848,2021-04-05,Introduce Lidar noise (#346)
5b95f46c1da3460d936e4797e4215b42d814080e,2021-04-05,Update Top-down env and minimal env (#345)
4cec21d159cc860e5820c549f28c2d43434564b2,2021-04-05,fix saver (#344)
bfd2aeeed6fffc1c44e30a9363865409bb333ab5,2021-04-04,fix lidar ego error (#343)
f4972003c0f9b186595822bb8067a6eb06540c4d,2021-04-03,Allow to tune resolution in top-down env (#341)
142bfd9c7a0404d284f9b44c1595d2b1b19cdda8,2021-04-03,Refactor observation system (#339)
80bf9fe722d0e88f0170d807a0dd66b174ddfd0c,2021-04-03,Fix config update error (#340)
d7266084533b080c74439d942b2df4d42fc4ea93,2021-04-03,Fix config error in RGB (#338)
16777ece7966a47302cfa4cb189fb5f968da8d5b,2021-04-02,Hot fix config (#337)
d6ed652642e407ee823658fec98d42d110fefe21,2021-04-01,Default to use rgb_clip=True (#335)
8d51c4d50920e7de972041f4e2bf5c43fcf529f9,2021-04-01,add fixed camera (#334)
909ab85103fd5f705d26fe4643c39a02b6809b3c,2021-04-01,Improve PGConfig, fix bugs and fix MARL env (#333)
7884d93323f00058d755ba156eb7ff7f3b9ac9f6,2021-03-31,Marl workflow (#331)
8d686b41634a9d076da16ada3d99a9ce2a19e3d7,2021-03-30,Add tests, improve efficiency, clean code (#327)
b22d9e785b60889478c8f77d0f1e5d48cb732250,2021-03-30,Allow to disable texture compression use config["fast"] (#326)
a3534f388af67d2d742172f9963882e54b50d582,2021-03-30,Hotfix some bugs in PGConfig (#325)
270f2a54379ae115369b69eb09c4cd4aeb53736e,2021-03-30,Refactor Map class (#324)
ab056dbfd530cea047ee3467ba2ef7b21ce3f6dd,2021-03-29,Line detection (#323)
83c7859407b1db6e936b6815f5e548e2478a31d2,2021-03-29,fix vis error (#322)
c4e014efac261a65056f11c6da70889ad520cdcf,2021-03-28,New method to do lane line detection (#316)
1a1d0adcb5c3daefdd829f8cc85b4bd632e2a0a0,2021-03-28,Hotfix a bug that messes up info (#321)
c9c1e72e37f1d7afde24e35d1c14ef17589897cf,2021-03-28,Extract a BaseEnv class (#320)
475cbe2078199cef0420d3ac4dde348363697ce9,2021-03-27,Add a new top down environment with PGDriveV2 (#318)
67541b31fe4d2af50b0794f792a9a72f39a2e736,2021-03-27,Remove lane-related information in Map class, optimize configs (#319)
0654a0b91721473f037ee48139d2dfd6714366b4,2021-03-27,Refactor config system (#317)
7643f3acac5224d690882d2e4a8d32f42bb458ec,2021-03-26,Energy consumption (#315)
5de0c68e4bc8abe20895d872f4865bee1a21d5b7,2021-03-25,Refactor files, remove things in pg_config to utils (#314)
67394057e73cd0aab51e7d2f04a374b63940035b,2021-03-25,Train marl on Merge/Split block (#312)
c28d0262c5e84dad72a7a00a93bbd555cdb637ea,2021-03-24,New blocks: Merge and Split (#311)
6cd8b6e346857b4871c8ae7c0f60ad1eb9a5e370,2021-03-23,Introduce PGDriveEnvV2 and improve reward scheme (#308)
4cf0d230218f3f10486e18aef7a8cee1e6a930bc,2021-03-20,Optimize render system (#305)
99525f49e33520c7d14bfcf61764012187888b07,2021-03-19,Fix collision mask (#304)
d89c75ce869c5d1eaf648abd88444dc9087fbd08,2021-03-19,Complex marl env (#301)
176cec2e932aad755e51ad0554466098e59aba78,2021-03-18,Fix top down render (#296)
5983c1bdcb6c42b19e9efe1b6eda8d4f5972be71,2021-03-17,RLLib compatible MARL environment  (#292)
505f6817700c785ecced9feee499d4302ff0e99c,2021-03-17,Improve top-down env rendering (#294)
446a573fa86e7219ba99e55d2cc6b570456d44ec,2021-03-16,Allow change frame_stack in top-down env (#291)
83c5f6cad525375c6e97a5e2e342313525b7779f,2021-03-16,Revert the step info (#290)
2d86741890cdf7faca3e41f38794fa5c9b92423d,2021-03-16,Allow building city (tiny change in BIG) (#289)
851ad2ce6d1052313fd212e6e21c61ba8cdc324d,2021-03-16,Fix broken top-down env and the collision detection failure bug (#287)
b53dbe3518f2bb89c834fae96a75075dbd64724b,2021-03-16,quick reward config (#288)
2051f4461cc89e29b02712e3fc8b5d003a99cb6f,2021-03-16,Move obs (#286)
b22c8dd4fc8adb939c4b6bd12f0dd10cf08ac9e7,2021-03-16,Use dict to store sockets in each block (#281)
47fd538f435ea65c1079651c0833d50bcb1278a5,2021-03-16,Fix change friction env (#282)
8ff4c418f5b559d51bbc82013617dd8faa379319,2021-03-15,Clean top down view visualization utilities (#280)
755f319fde0682b62702abb97976a9542019bc34,2021-03-15,Fix some todos (#272)
2e5b8d69e465f1bc58bd94fbc5561e6ef4ea5533,2021-03-15,Allow automatic max step termination (#276)
cf66da2641c72acc456ffa3e97205dcb47f9c30e,2021-03-15,Refactor to provide infrastructure for Multi-agent environments (#275)
b3f16b384684ccec4850b6792316ca7a04cdc5da,2021-03-13,Optimize imports and constants (#271)
c46c4c181b74048873a7d429b7ee6cbaf6df32f3,2021-03-13,[Multi-agent] Add few non-conflicts attributes (#262)
60bf72c927f9230fd40daad1f0462f8564e89a49,2021-03-12,Release/0.1.4 (#269)
4a0351a7e8e62bb007856fed3ac29fea71874b10,2021-03-12,Integrate cost to pgdrive (#268)
e7d3bdbb9e07c17f2401938939ff8f31b68ed09a,2021-03-12,Improving efficiency for top-down view observation (#264)
c30cfcea914c9185095c5481be3672144dc796c3,2021-03-10,Support disabling lidar from config (#265)
6d47a1fd7c955488a117ba5d61a7e73b0470a083,2021-03-09,Introduce the runnable top-down observation environment (#259)
b6f33e1df17865f4d5ec41fc22c00f6b1fc73624,2021-03-09,Environment for safety (#260)
f52de91f5e5a20d52ed4bfaf4f2e2a3d840f33f0,2021-03-02,Introduce a remote PGDrive env that can run multiple instances in single process (#258)
55f950102e8fec74e12ab5e4e4ec899c27fbc495,2021-02-25,Saver as constrain (#257)
0ae41b86916aed116334964c4445bc6f1e2d1066,2021-02-24,fix lidar bug and add it to unitest (#256)
d7a73456a3ad46f8974368c9278693f29a78d344,2021-02-23,hot fix object (#255)
12c14824eec9aae08bad2341122f904a29326393,2021-02-23,Object can be added on map (#252)
9839aece7e34d6c520078d6d2c736614a93bd62d,2021-02-23,Lane follow camera (#254)
833e0258ccd50891ccd5a0ac2b19785515c2c1a5,2021-02-09,Update intersection (#249)
1e0e79e34ebdd84b2f6e43197a53f8ca1face0aa,2021-01-22,Refactor Traffic manager & Add new traffic mode (#248)
08d5d3061b70969bf14186d46e5d6a36eb749162,2021-01-19,Website (#246)
9f925c421754eb4708149598c53cca4025d4eb78,2021-01-19,update big vedio (#245)
2d8c773d557eacd10c9810d95fc517f49e034947,2021-01-19,modify big vedio (#244)
3b2c09d8d4f615dc0e229d647f3cfe26727356b6,2021-01-14,collision constrain for expert (#242)
8398d5f0da3ba960f046fa73e102e00e824d4895,2021-01-14,Introduce a example to combine expert and manual controller (#241)
718ebcf46472b91531220af5fd2462be05b3259e,2021-01-13,fix joystick (#240)
3df258b9352f8354c1701a0f65a68cbd34606764,2021-01-13,Optimize render (#239)
f48bc7b16e8f8a2a864892d77569feb860ef26df,2021-01-12,Optimize efficiency (#237)
0b1e37a2dd1f96007dae8203ab8b02da44416bea,2021-01-08,Add regression test about expert performance (#238)
076b3e1153a7eda6d51f6869d9cd49fd2a14caf9,2021-01-08,Add test script for base vehicle (#235)
f8569b5d4f87d27410a571fc30682627bf26b5d6,2021-01-07,Overlap bug (#234)
a02ebb82a38be9f742a2c3be314bdda25495245e,2021-01-05,Release 0.1.2 (#230)
fe0239a3dc75364070c3c7a9802a5fcfc69ef276,2021-01-05,Fix model (#229)
8399bc73f88c08647d5b985455213118f65bbbe7,2021-01-05,Support offscreen top-down renderer (#225)
a92be70f16969c6d671d22b40d08579b2abf2070,2021-01-05,Optimize CI workflow (#228)
42fa19f058a9a583c7402050e118088c5b46923f,2021-01-05,Real time simulation (#222)
ad2853a78a4f5a92b01039c60e869c9f40c21e10,2021-01-05,Improve test workflow (#224)
f738a6bec76f1c0c8e79b893af6cf28ee1d39932,2021-01-04,Use pathlib instead of os.path (#220)
f4957ee68f275a9fbdd5d2d3f2a5bdd212a2ba6c,2021-01-04,Change code coverage setting (#210)
dc92d3e5974ac1881a3f4fc5d26072979f14848c,2021-01-04,Add opencv into requirement (#221)
15ed0e4ab0b7132c6b2dd9ce0d3e1c4ae17bef50,2021-01-03,Update citation (#219)
e06c6ff731e325d095884df77539b8d3eea05200,2021-01-03,Update citation (#217)
1bd22144f89b73929142e3340d135f00fddb7cb6,2020-12-30,Update action repeat environment (#213)
b489f2963ed952befccb074dcfe367c3b083ab6d,2020-12-30,refine chinese corpus (#212)
e8962a60c738eeeff761f7959a054aa113816bdb,2020-12-30,Update panda (#209)
02ccc3e0b4e9c7ef302108f51becf521dee2d648,2020-12-30,Fix low resolution issue in top-down view (#193)
402cd38fb7979ff1c83e4c728d68bd82091f4b5f,2020-12-30,insert frame (#208)
9ee1866714a858523d4680041ede6f5b5bb916b4,2020-12-30,add bilibili link and download link (#207)
7e82ed31fd62c026ccdf485c0d50fbab368634a2,2020-12-29,Improve code quality (#204)
16dae88fa091cbbbb65bd3605b045db348d344e6,2020-12-29,Update test coverage (#202)
4d3ca10924e9477bb1c155e6bf6fe7265cd5089f,2020-12-29,Update logo (#203)
77076c93adedde17ab523cb8f7df43accb607e1e,2020-12-29,Add README badges (#201)
f47808c05cce689eaaab2fa6145fffadb6221e14,2020-12-29,Update README.md
b11cea94e82c35dc1954cbb77dbd79199f76a33d,2020-12-29,Update README.md
764cd690732470844905d45543a39cc718e18f62,2020-12-29,Add blackbox test script and setup CI for it (#198)
aead86e02f4bdec0891a106ba93bf87fde023d78,2020-12-29,Allow accurate saving and restore in traffic manager (#191)
4ef7b3ae8d186442cef66ae260f58655d93eeccf,2020-12-29,add paper link (#199)
d790319df0a1d369a23f1f67037513149a8c9c11,2020-12-29,Update GIF in website (#197)
b138a9a2c75269872e574d3ee8f0bb6f5c128f5c,2020-12-29,Optimize imports (#194)
420fa3bd87d61afba95dff96d9dd95e820a60628,2020-12-28,Update website (#188)
b753a8143368af960ec6c2b9a79f47e60da32e51,2020-12-28,Add .DS_Store to gitignore (#189)
50879eeb785d608d4f14dcaf62704e63bad1578e,2020-12-28,Update some GitHub settings (#187)
29c33810ca7a453c920dcc924c3590dac4948e8e,2020-12-28,Polish README and add some emoji (#186)
424d6fe479a58ea601551b4dec111f3872935f49,2020-12-27,Update the website (#183)
9c3f2dc91347b3257add317333bfd266fc297b48,2020-12-27,Finish the preparation of release (#182)
26f0c506aca352c954146bd18197e2f9eb90a891,2020-12-27,Update the expert and fix setup issues before release (#181)
fff3dc3d2f489914881b147965d6a0ffcac6568c,2020-12-26,Fix typos in notebook (#179)
8ed6ab5b0d67f3fb49f1fbcaaa18040ff19a6a60,2020-12-26,Setup the website (#176)
aca43fb43d8c5c7f3192800145257c8932703c3f,2020-12-26,Fix broken examples (#178)
54f5820f38da0ed29d6d6a287002bdd2c391d2e3,2020-12-26,Update documentation, tests and examples (#175)
3dabf5f87d5705f6b4fe55aaf35a802469f108a9,2020-12-24,Update README.md
b33522016e8812be3d4546d94dffe857abcaf313,2020-12-25,Controlable pid (#174)
842e7f7fd924cdaf20496370ca940cff4a3de8f6,2020-12-24,Pid zombie (#172)
06131d2a928117ae1aeb4d9c89b02d7263bbbb4c,2020-12-24,Fix windows arrow error (#170)
071d2540c5768617cfc98c6f2c72eeac61870b68,2020-12-24,Fix layout issue in top-down viewer (#169)
39e5e433065d3fecfb5547edabfd0c5aa013fb1a,2020-12-24,Formalize the pg_world render mode (#167)
fe9c74a34819cceaf4237160d2a57fc796688a67,2020-12-24,Stop using random traffic in default (#165)
e9e6c566728376a7a80f27b916c88b90a1f1a0bf,2020-12-23,2d render (#164)
4cf9e101a656999a77dc9c7bb742a30245b37ea1,2020-12-22,hide the navipoint
e15186047f1445714b7e3efda88d03504f23f761,2020-12-22,new terrain (#163)
404aeba8706625697d1b60231fe7a1210849d33d,2020-12-22,Fix navi render bug (#162)
5febd70e22e865c49c8fd63f195e71fc0f17fdc7,2020-12-22,Fix t bug (#161)
2b2d1c50a1eb3e3c2094f6b11005672223f0ff21,2020-12-22,Pg release (#160)
dc6492d254f23cf83f55f24d9aa7dcbd4cb04db4,2020-12-22,Navi mark (#159)
1e1a12349f62eb51f462a76c21f8fecab0e13860,2020-12-22,Suppress pygame message (#158)
f8b5533cbc37777da18ce82f298555f182c6633c,2020-12-22,Navi mark (#157)
966db86b907e96232e7fa0969a69141e3b33ac8d,2020-12-21,hot-fix bounding box bug
efaa90da15c17cb00073115b3f026b4b4a391842,2020-12-21,Merge branch 'main' of github.com:decisionforce/pgdrive into main
9d772d431c587718ec828ea39fab842d291d3f55,2020-12-21,hot-fix get depth cam
446b5c042152f796696ef1fc9bc75d764a1ad51a,2020-12-21,fix t intersection bug (#154)
a722b13944b3272fe1c2cc1e887978f70dfbb7af,2020-12-21,Remake video (#153)
2afdbaa5c111477582a3baee98079ab3d1016934,2020-12-21,lane_width change with scale
9cbfc09648ec3f369e1f6bc5ebdb85df6a8114fc,2020-12-20,Fix vehicle color if not random_traffic (#151)
18727501c718bec477ae993999883d69e71e0c60,2020-12-20,Navigation bird view (#149)
71ae5721e4ead868e2b8e3a6d88df09ab3a31d26,2020-12-20,Traffic randomization (#147)
3c1c89addd602bc48d4bf074f392a88a35d11a12,2020-12-20,Fix memory leak in rendering (#146)
2ac54e96ef2f3d381800af24cc806a73c56ad423,2020-12-19,Enable debug (#144)
e119522cdffb9d174bf32fce2bb0683259b3c231,2020-12-19,Split traffic seed (#143)
ebdb25dab8b80266e3565b3fd2c371d74a0829f0,2020-12-19,Fix step reward bugs (#141)
dbfc18c40a61e72f1d291b76cde278080d66cd9f,2020-12-19,Remove printing at the end of episode (#139)
27fefb7ef406e081624c32bb7b4998654a5e40f0,2020-12-18,Update many examples (#132)
d8b280e8e0147e973c4152eff28f32967a5f546f,2020-12-18,Introduce a easy way to set map config (#130)
9050a0dd4bb4ae951391582b6e978d64f6ffdbf3,2020-12-18,Vehicle module release (#129)
92eeb0e4b6b1d3336b7049a64aca1593b07addb3,2020-12-18,Fix bugs in destroy and render (#128)
0f357280afa5948479286f2c658b408864327e3d,2020-12-18,Action-repeat environment upgrade (#127)
3ae24cd348c47ca9a01f46e1a8aaa2f202d48592,2020-12-18,Fix UI error in small screen (#126)
5ef0efb88b7367652da723a6a57aadfcf409c7a5,2020-12-18,Clip velocity and update logo display (#125)
e3406078ea4246a4a626e07b4a7fbbe18e0719fc,2020-12-18,update logo
7e7ce6b2c348559184fbc2e2c9d6b1987e07b7e7,2020-12-18,Merge branch 'main' into clip-vel
36528829a529b34f160e036b02fc5021afd5abc3,2020-12-18,Fix some bug in visualization windows (#121)
c1098e13e0e8c0633679689963fee40b5e998252,2020-12-18,Fix negative speed (#123)
015d44bc1c7126581245e46982b39c296138c65c,2020-12-17,format
ee1cf947ae60373fc7f7f738f6fe0682bf376adc,2020-12-17,clip speed
c617ca230c417610f8783e6010e7416c39db942a,2020-12-17,Safely clip action (#122)
0e7822825a99f4b2a33a9f6dee83f95e6fffbff3,2020-12-17,Print help message at the beginning (#120)
c2178ca4484d6069b82186e14f4cee4bdd909581,2020-12-17,UI error (#119)
58da30bf9faeb547863284049b649c1b1f133ea7,2020-12-17,Fix lidar (#118)
17e48ff2114c4a9a4667a172a921056e198ff1e1,2020-12-16,Fix load map error (#110)
67751eaef7b3b6b7a95231c99f12f497011c2e34,2020-12-16,Add vehicle counting API (#109)
24b740f666df76939d834a297a6012f4b17a4d94,2020-12-16,Accelerate map generation (#106)
4a0dc4a1b95c3636ae07e6000e42430d7a22e5c7,2020-12-16,Fix a bug that break render-less training (#104)
255efbe092756de59cf1615ce0574134fa4ce82d,2020-12-16,Optimize get img (#103)
ba03eadd7e8fb5917b13a2a23d70fa6b31ff8814,2020-12-16,Allow press "f" to switch display FPS (#102)
fab4876378475f6da5896ae32ddcefa53c24db82,2020-12-16,Format everything (#101)
9c52a4401b0307e0007abed6cdd1f15a02e04699,2020-12-16,Bird view Map & Highway Render Compatibility (#100)
4aa06c2402ff92544113cac36ea7f7cb699f66e0,2020-12-15,Depth cam 2 (#99)
8dea6b308bc80bea3d6a00da83d2ca228d011e3c,2020-12-15,Update logo (#98)
2d295bae06724c21390f44ddbc248c1569c7b5c4,2020-12-15,Redesign render (#97)
0182b84d4531e3203103c683c05f282bd5bf69f8,2020-12-15,Fix error in depth cam in mac (#95)
50402568cd69ea0b93470e64e9770522c510f451,2020-12-15,Hotfix bugs in change friction environment (#94)
fd87731c564bf6cbd7db06045ffdaf973ed29b80,2020-12-15,Introduce a change friction environment (#92)
c0a52eb755e911d02053c86b4ad2b6750e9a8343,2020-12-15,Introduce a change density environment (#91)
6fceca0f86dd1a5737043e3381983a020d6deaa9,2020-12-15,Fix Layout line bug (#88)
3f8133df817e47d61a6fd53847ba60d892eff93d,2020-12-15,Compress the texture (#86)
666d39905b028dafcb80e3d71328e4057e61a23d,2020-12-14,Fix mac corruption error (#81)
442d4e97603502492b3da2ac3783f3cb2b1b0f94,2020-12-14,Readme doc (#80)
8bdc3f6c47084f02fa5cd6d0334ff55f447c63a4,2020-12-14,Copy gym's spaces here to avoid gym version dependencies (#79)
f1e398239d7c1e0b3257aa6d7265dbfd843b38ab,2020-12-14,Update README.md
326438f25baefbfed90df1b2b5f6420e7e790f57,2020-12-14,Introduce the change density environment (#77)
869045ee4f256d0f9f723bec34d3a0c5e87d16a7,2020-12-14,Introduce an action repeat environment (#76)
de18ae6cc31ea88874f6e105678bbdebc13dce87,2020-12-13,Rename GeneralizationRacing to PGDriveEnv (#75)
44dee6dbf71a8f9b42fc8dd6a6e8ddc194ef78a9,2020-12-13,Merge branch 'main' of github.com:decisionforce/pg-drive into main
344b0a88ebb7f53639a32862d94373a88824b977,2020-12-13,readme error
8ba76114796a2607985e2eca5091fc96a3480814,2020-12-13,Rename  PGDrive (#74)
2d95c5006c2b24457bb9332074b3ae4e17330e7d,2020-12-12,fix doc bug
948dbd73593568796a683e63aa2e93e2f9215823,2020-12-12,Documents (#72)
386778e638db8b6e4a88e4658118c983a41a2ccd,2020-12-12,Turn on onscreen in Mac when offsceen rendering (#69)
c5f0f4d53626ea5f82d35bef119ff8273d26ca54,2020-12-12,Update some test scripts (#68)
349b257092fff04843101b6f484abe61ec1ba6e2,2020-12-11,Fix expert import bug (#67)
74c0f9242454bcfc550e008904a08bf2cd8c31e0,2020-12-11,Test install (#66)
92528ec6a4dc83f8e0affd5cceda44db0a69d56f,2020-12-11,Fix a bug in CUHK logo in ego vehicle (#65)
25c99d0c09c4c35c2fb34a836a2a12ad35829cde,2020-12-11,Fix pressing 1 not showing debug mode bug  (#63)
e39e54a98f0b85b86000294c047e1c49c47703aa,2020-12-11,Allow to change the ego vehicle plate (#62)
5d345317432a72a1390dfc00e0ea3592f580e1d1,2020-12-11,Fix the Mac rendering error, compress skybox (#60)
864d85f177dfaa6bed1aca112c4bef639cc3674e,2020-12-10,Add keyboard shortcuts and show help message (#59)
ac258f6d0d66ed2b7e52832733091859c87789f5,2020-12-10,Add enjoy_journey exemplar script (#58)
f47d7a90261c5a31b67b0056e90f04a8289e1bb7,2020-12-10,Lazily restore maps from file (#57)
18bf44596c9e507dcc7802b7a2f77fde0213ca77,2020-12-09,sky box on headless ok (#56)
2f977530b08d2e1e3a1697df4df5c87bceec4520,2020-12-09,Gles shader (#54)
d0c4159006b232f6bb3a1175d1e27f2c5389380e,2020-12-09,fix render msg bug (#53)
321f8dfee46de11e1327c2f0d64e65c6f22d2042,2020-12-09,Render text (#52)
18eb073c389540d3a55acf1519b9ca90aa826108,2020-12-08,Re-upload the assets after cleaning the repo (#50)
b012980d18a199fe092a0bac647b5b712fc27a59,2020-12-08,Compress the assets (#49)
3eaa2855d15af73d533df3daf51bce05f662f0cc,2020-12-08,load model to pbr (#47)
98216fbed88358e8d17ade1bc5dd9fee50b0a5c5,2020-12-08,Finish the major part of the PG-Drive v0.1.0 Release
2f82fd7141f861dad7b38d15ed9339764e2ef2c5,2020-12-08,Update README and introduce registered environments (#43)
553f28f280e149d0aee3bbff235313e848972d28,2020-12-07,add logo
ed1cad9811c4e5fe991d9c384f3bd27817d095e1,2020-12-07,Move files in assets into pg_drive (#42)
91d78e167d3716a8c1757a9597d10654854c385b,2020-12-07,Rename api (#41)
f4bdc452735aa49bf05811b90c87b5bf84131612,2020-12-07,Allow loading maps from pre-generated json file (#40)
2e26186f5ec1f671ffe4871399adaa7e4e5432c4,2020-12-07,Revert "Fix t intersection bug (#38)"
49fd36f5c3e0d43eece377a88fcf2bfa98d7925b,2020-12-07,Rename api (#39)
8fabe3e2217705891837b737fac7e55f71293872,2020-12-07,Fix t intersection bug (#38)
a5c9a6cdf42f48e4bec33b28d97dd8bd68554fc0,2020-12-07,Depth cam (#36)
d2fc0957381862a8b8b085c4d43aa7ee202b48c5,2020-12-03,Win32 support (#34)
b1646fc20818c3aac4206f5fe714c74d4af56d5e,2020-12-02,Update README.md
8eb70ed132e2f7970b2b7011785c041468db40bc,2020-12-02,readme
4c9ec77456d4339de801b02f8d6a82975fdf1ddd,2020-12-02,Upgrade collision detection & Optimize traffic (#32)
a85880089c8df278f24e8da4f8b3744d7a98a549,2020-12-02,add two function, use json as suffix
f9dccdd50b8305355db93a5dd6bdc57e81e9267e,2020-12-02,add acceleration stats
3f09b6f948286333d6564b40e2f4ad83b4902948,2020-12-02,Lqy rename (#31)
6bfecb3bb91fb80b11aa3f6ff2fdba6eaba644fb,2020-12-01,compatible fix
fa53963c94935f889e20e1ba801f7b7cb1e31c30,2020-12-01,Save read map (#30)
eb7b48f7c1c84801d4b56293b9e2e21cd0e158f5,2020-12-01,Format everything (#29)
5d606ff3ff5f8e60ce1858f29b6e293a0daeae29,2020-12-01,hot fix bug
aad077df722bd75e6bc90010ae7535a40b21ac34,2020-12-01,Lqy rgb Headless Train (#27)
15282d5cade48aaff0693ced814cc862acac7a5e,2020-12-01,fix a bug that return float32 in info
dd3cce3b533d35c57a518121339ac0d069a57bfa,2020-11-28,update reward scheme
21755d67fc82cb60e3938d62f3ca855839a7f58e,2020-11-27,Fix rgb bug (#26)
982a01427d92f7eca4a1ee668f996542c07ac264,2020-11-27,Allow action check (#25)
fe8909db376c056ab4d3f6276ca1172ac4efe193,2020-11-27,Update README.md
29edcff32c3240f8d24d7c64723dd93e3a3bac3c,2020-11-27,Update README.md
ca0e8b93cc6f9dfe730f2edb91085f52bbe53077,2020-11-27,Refactor buffer (#24)
8edfd65b6cd084e77ebdbb7fc524ea340526e52f,2020-11-27,Top down obs & refactor obs type (#22)
50436c69ee9de14a480aee3e9ab3eaa7ef5932bb,2020-11-27,Top down obs (#20)
bee12ce5d7df44a1fc9ecf5b80f5f729d3a8383c,2020-11-27,pure color (#19)
77e0652414644b030d34bc1b2c0727791a945bf5,2020-11-26,New headless train (#18)
b7295e5c33a889d8a05e26fe188551a4230825b3,2020-11-24,Merge pull request #17 from decisionforce/fix-reset-bug
d9968626261c29e66c8caeeb03a7f05c3df8d358,2020-11-24,format
90b772545bdee275ab7feb2e63397101292f9ec5,2020-11-24,fix a critical bug
381fc0b82e44b9fea0f4c96220d0ff5195044964,2020-11-24,test reset scrip
2a0b8a2161dd2bf5cced7b51f1396daeb4710290,2020-11-24,Merge pull request #16 from decisionforce/lqy-fix-bug
4f2e337372f15fd873580e2a250aa4aeb0efaadb,2020-11-24,format
bd400a62dabaf36ac39514dcfd299727b8e15b3c,2020-11-24,fix t intersection bug & format
37f26adc134cfc30f4717bafd459e6442b3bb995,2020-11-24,add software render
33195bb1b479b83706935c988ca519c8857ccb6b,2020-11-24,Fix bug in bt world destroy (#13)
a28c3dfb9744ee563416f6038b5289f0ccd6bb4e,2020-11-23,Merge pull request #12 from decisionforce/add-uni-test
d8584f6da6efd01df2bc87cfffdd9023eb1aee22,2020-11-23,CI-case
ab8df0dfb01a3a0dc4f2c59672b6dc0415c950a4,2020-11-23,Fix a bug in standard observation, add unit test (#11)
cd98c8a0eddb1a811c0292ea068bcb3689130daf,2020-11-23,Allow randomly choose maps, shrink randomization (#7)
f0fbc8c01eac6ea9cb7295fee31b4d7a21fdd553,2020-11-23,Merge pull request #10 from decisionforce/add-mix-obs
1e6b63f4a499de3995aaffd65b23f77d946d9230,2020-11-23,format
da18d1bbca93a18459537eb5a01169e48c42055d,2020-11-23,observation ready
5523c9ac236fcc277d4a3df3489c5f3e6a882c13,2020-11-23,config front camera & format
f4c5f2dd883f647215e66df2c30a28c1e7082299,2020-11-23,Add profile script (#8)
0c3c9612f9b9599998affb57a4941d2c8a7e2279,2020-11-22,Complete config system
c3b8c1357de7fbe5d0adf4ef0742c2f5d5571bb5,2020-11-22,fix close bug & mac sky-box
0294e19c915ced2c07051ab2cce4343aaaf5a0dc,2020-11-22,allow recursive check of config
ad9db4a66abc528660c5ca62086f3ceedd243800,2020-11-22,Create an API for getting vehicle config without creating the vehicle (#5)
eecaf8af581c90704e4ce9da880b0788a886daa8,2020-11-22,Add CI to check if formated (#4)
497de97017a09f5c757264a738f9811c535061e4,2020-11-22,Add format scripts and PR template (#2)
65b987ee40d06feb9f39c3402c354b54d8d730fe,2020-11-22,Modify setup and add readme (#1)
4b0074ee005bef30987bf7faaf388b5f42cad42b,2020-11-21,move to pg_drive
1d5c4edea12c24c2e344ebf72efa3bdf9a135354,2020-11-21,pre-release
7345372c31f9dc972784dfbc18053cc42628dd1e,2020-11-21,Initial commit
